{
  "loss_history": {
    "High SNR Only (>=15dB)": [
      0.319393,
      0.25795,
      0.237639,
      0.208829,
      0.155049,
      0.098489,
      0.062373,
      0.040089,
      0.027455,
      0.020752,
      0.017071,
      0.01558
    ],
    "All SNR (0-25dB)": [
      0.34781,
      0.205235,
      0.133374,
      0.079964,
      0.04589,
      0.027149,
      0.017177,
      0.012417,
      0.010649,
      0.00964,
      0.00911,
      0.009898
    ]
  }
}
